84403386-42d5-11ea-24fb-6fb97cb3f451,img/regular/826828/colony4j-84403386-42d5-11ea-24fb-6fb97cb3f451.png,square,[1 4 1; 2 4 2; 1 4 1],"[3]=>0;[0, 9, 4, 2, 8, 6, 1]=>1;[5]=>same;[7]=>switch",false
853d9526-42d5-11ea-0661-cddde03b0971,img/regular/826828/colony4j-853d9526-42d5-11ea-0661-cddde03b0971.png,square,[1 4 1; 2 4 2; 1 4 1],"[3]=>0;[0, 9, 4, 2, 8, 6, 1]=>1;[7]=>same;[5]=>switch",false
855c0c36-42d5-11ea-0b8d-a9391cbd1b38,img/repeat/907180/colony4j-855c0c36-42d5-11ea-0b8d-a9391cbd1b38.png,blank,[1 4 1; 2 4 2; 1 4 1],"[5]=>0;[0, 9, 4, 2, 8, 6, 1]=>1;[3]=>same;[7]=>switch",true
856cec7c-42d5-11ea-1941-ff67f7813e32,img/repeat/907180/colony4j-856cec7c-42d5-11ea-1941-ff67f7813e32.png,blank,[1 4 1; 2 4 2; 1 4 1],"[5]=>0;[0, 9, 4, 2, 8, 6, 1]=>1;[7]=>same;[3]=>switch",true
858236a4-42d5-11ea-04c2-d539b0d2758d,img/regular/826828/colony4j-858236a4-42d5-11ea-04c2-d539b0d2758d.png,square,[1 4 1; 2 4 2; 1 4 1],"[7]=>0;[0, 9, 4, 2, 8, 6, 1]=>1;[3]=>same;[5]=>switch",false
85a7dc9c-42d5-11ea-05d6-95cb19a5bbce,img/repeat/907180/colony4j-85a7dc9c-42d5-11ea-05d6-95cb19a5bbce.png,random,[1 4 1; 2 4 2; 1 4 1],"[7]=>0;[0, 9, 4, 2, 8, 6, 1]=>1;[5]=>same;[3]=>switch",true
85b648d6-42d5-11ea-0db1-93199b373cb1,img/regular/826828/colony4j-85b648d6-42d5-11ea-0db1-93199b373cb1.png,random,[1 4 1; 2 4 2; 1 4 1],"[0, 9, 4, 2, 8, 6, 1]=>0;[3]=>1;[5]=>same;[7]=>switch",false
85d14d84-42d5-11ea-3a96-d9d1ed732cac,img/regular/826828/colony4j-85d14d84-42d5-11ea-3a96-d9d1ed732cac.png,square,[1 4 1; 2 4 2; 1 4 1],"[0, 9, 4, 2, 8, 6, 1]=>0;[3]=>1;[7]=>same;[5]=>switch",false
85ea0130-42d5-11ea-2be1-2bd209d0b05b,img/repeat/907180/colony4j-85ea0130-42d5-11ea-2be1-2bd209d0b05b.png,random,[1 4 1; 2 4 2; 1 4 1],"[5]=>0;[3]=>1;[0, 9, 4, 2, 8, 6, 1]=>same;[7]=>switch",true
86025bb8-42d5-11ea-14cc-35158d94cbb8,img/regular/826828/colony4j-86025bb8-42d5-11ea-14cc-35158d94cbb8.png,random,[1 4 1; 2 4 2; 1 4 1],"[5]=>0;[3]=>1;[7]=>same;[0, 9, 4, 2, 8, 6, 1]=>switch",false
86232d48-42d5-11ea-0759-f393adb36ab3,img/regular/826828/colony4j-86232d48-42d5-11ea-0759-f393adb36ab3.png,square,[1 4 1; 2 4 2; 1 4 1],"[7]=>0;[3]=>1;[0, 9, 4, 2, 8, 6, 1]=>same;[5]=>switch",false
86373af4-42d5-11ea-208f-230cdc5be1e1,img/regular/826828/colony4j-86373af4-42d5-11ea-208f-230cdc5be1e1.png,random,[1 4 1; 2 4 2; 1 4 1],"[7]=>0;[3]=>1;[5]=>same;[0, 9, 4, 2, 8, 6, 1]=>switch",false
8652ccd8-42d5-11ea-0c4e-f5bce8e2f663,img/regular/826828/colony4j-8652ccd8-42d5-11ea-0c4e-f5bce8e2f663.png,blank,[1 4 1; 2 4 2; 1 4 1],"[0, 9, 4, 2, 8, 6, 1]=>0;[5]=>1;[3]=>same;[7]=>switch",false
86657126-42d5-11ea-0924-61ed80af853e,img/regular/826828/colony4j-86657126-42d5-11ea-0924-61ed80af853e.png,random,[1 4 1; 2 4 2; 1 4 1],"[0, 9, 4, 2, 8, 6, 1]=>0;[5]=>1;[7]=>same;[3]=>switch",false
8677f788-42d5-11ea-35a0-4d0a082ef711,img/regular/826828/colony4j-8677f788-42d5-11ea-35a0-4d0a082ef711.png,square,[1 4 1; 2 4 2; 1 4 1],"[3]=>0;[5]=>1;[0, 9, 4, 2, 8, 6, 1]=>same;[7]=>switch",false
868f9316-42d5-11ea-343d-a193e07234f2,img/regular/826828/colony4j-868f9316-42d5-11ea-343d-a193e07234f2.png,square,[1 4 1; 2 4 2; 1 4 1],"[3]=>0;[5]=>1;[7]=>same;[0, 9, 4, 2, 8, 6, 1]=>switch",false
86a06c2c-42d5-11ea-2977-2b6dd89c4402,img/regular/826828/colony4j-86a06c2c-42d5-11ea-2977-2b6dd89c4402.png,square,[1 4 1; 2 4 2; 1 4 1],"[7]=>0;[5]=>1;[0, 9, 4, 2, 8, 6, 1]=>same;[3]=>switch",false
86b50d1c-42d5-11ea-345c-c959bc2ab249,img/regular/826828/colony4j-86b50d1c-42d5-11ea-345c-c959bc2ab249.png,random,[1 4 1; 2 4 2; 1 4 1],"[7]=>0;[5]=>1;[3]=>same;[0, 9, 4, 2, 8, 6, 1]=>switch",false
86c36e7a-42d5-11ea-17cd-c79f92c4bfdf,img/regular/826828/colony4j-86c36e7a-42d5-11ea-17cd-c79f92c4bfdf.png,square,[1 4 1; 2 4 2; 1 4 1],"[0, 9, 4, 2, 8, 6, 1]=>0;[7]=>1;[3]=>same;[5]=>switch",false
86d19e80-42d5-11ea-20e7-5333f3aaba76,img/regular/826828/colony4j-86d19e80-42d5-11ea-20e7-5333f3aaba76.png,blank,[1 4 1; 2 4 2; 1 4 1],"[0, 9, 4, 2, 8, 6, 1]=>0;[7]=>1;[5]=>same;[3]=>switch",false
86e8c468-42d5-11ea-1437-4f0edf57c1c5,img/repeat/907180/colony4j-86e8c468-42d5-11ea-1437-4f0edf57c1c5.png,blank,[1 4 1; 2 4 2; 1 4 1],"[3]=>0;[7]=>1;[0, 9, 4, 2, 8, 6, 1]=>same;[5]=>switch",true
87156068-42d5-11ea-3276-e3c6c3d5e566,img/repeat/907180/colony4j-87156068-42d5-11ea-3276-e3c6c3d5e566.png,random,[4 0 4; 1 3 1; 4 0 4],"[2]=>0;[0, 9, 4, 7, 8, 6, 1]=>1;[3]=>same;[5]=>switch",true
8742b0c2-42d5-11ea-0f93-01b8bce2a585,img/repeat/907180/colony4j-8742b0c2-42d5-11ea-0f93-01b8bce2a585.png,blank,[4 0 4; 1 3 1; 4 0 4],"[2]=>0;[0, 9, 4, 7, 8, 6, 1]=>1;[5]=>same;[3]=>switch",true
875c8bd2-42d5-11ea-2a4d-3934e8961e4a,img/repeat/907180/colony4j-875c8bd2-42d5-11ea-2a4d-3934e8961e4a.png,blank,[4 0 4; 1 3 1; 4 0 4],"[3]=>0;[0, 9, 4, 7, 8, 6, 1]=>1;[2]=>same;[5]=>switch",true
8769985e-42d5-11ea-2697-473c60bbd72c,img/repeat/907180/colony4j-8769985e-42d5-11ea-2697-473c60bbd72c.png,square,[4 0 4; 1 3 1; 4 0 4],"[3]=>0;[0, 9, 4, 7, 8, 6, 1]=>1;[5]=>same;[2]=>switch",true
877d6212-42d5-11ea-1e41-c90fc9f00bb3,img/repeat/907180/colony4j-877d6212-42d5-11ea-1e41-c90fc9f00bb3.png,random,[4 0 4; 1 3 1; 4 0 4],"[5]=>0;[0, 9, 4, 7, 8, 6, 1]=>1;[2]=>same;[3]=>switch",true
87914b6a-42d5-11ea-1027-8bb1de056dde,img/repeat/907180/colony4j-87914b6a-42d5-11ea-1027-8bb1de056dde.png,square,[4 0 4; 1 3 1; 4 0 4],"[5]=>0;[0, 9, 4, 7, 8, 6, 1]=>1;[3]=>same;[2]=>switch",true
87a15370-42d5-11ea-037f-afa18cc62cb0,img/regular/826828/colony4j-87a15370-42d5-11ea-037f-afa18cc62cb0.png,square,[4 0 4; 1 3 1; 4 0 4],"[0, 9, 4, 7, 8, 6, 1]=>0;[2]=>1;[3]=>same;[5]=>switch",false
87b31916-42d5-11ea-2cd8-31eb41a6b04c,img/regular/826828/colony4j-87b31916-42d5-11ea-2cd8-31eb41a6b04c.png,random,[4 0 4; 1 3 1; 4 0 4],"[0, 9, 4, 7, 8, 6, 1]=>0;[2]=>1;[5]=>same;[3]=>switch",false
87c9cf08-42d5-11ea-157b-977e7d6b094d,img/repeat/907180/colony4j-87c9cf08-42d5-11ea-157b-977e7d6b094d.png,random,[4 0 4; 1 3 1; 4 0 4],"[3]=>0;[2]=>1;[0, 9, 4, 7, 8, 6, 1]=>same;[5]=>switch",true
87dc4e62-42d5-11ea-0c79-d33aa73dae5c,img/regular/826828/colony4j-87dc4e62-42d5-11ea-0c79-d33aa73dae5c.png,blank,[4 0 4; 1 3 1; 4 0 4],"[3]=>0;[2]=>1;[5]=>same;[0, 9, 4, 7, 8, 6, 1]=>switch",false
87f03ea4-42d5-11ea-2709-b1fa326b8841,img/repeat/907180/colony4j-87f03ea4-42d5-11ea-2709-b1fa326b8841.png,blank,[4 0 4; 1 3 1; 4 0 4],"[5]=>0;[2]=>1;[0, 9, 4, 7, 8, 6, 1]=>same;[3]=>switch",true
8801c43a-42d5-11ea-18de-f53c3888e6df,img/regular/826828/colony4j-8801c43a-42d5-11ea-18de-f53c3888e6df.png,blank,[4 0 4; 1 3 1; 4 0 4],"[5]=>0;[2]=>1;[3]=>same;[0, 9, 4, 7, 8, 6, 1]=>switch",false
88152d18-42d5-11ea-1ce2-e720edef05f6,img/repeat/907180/colony4j-88152d18-42d5-11ea-1ce2-e720edef05f6.png,blank,[4 0 4; 1 3 1; 4 0 4],"[0, 9, 4, 7, 8, 6, 1]=>0;[3]=>1;[2]=>same;[5]=>switch",true
882ab6ce-42d5-11ea-2674-6ff236fe9a8b,img/regular/826828/colony4j-882ab6ce-42d5-11ea-2674-6ff236fe9a8b.png,blank,[4 0 4; 1 3 1; 4 0 4],"[0, 9, 4, 7, 8, 6, 1]=>0;[3]=>1;[5]=>same;[2]=>switch",false
883f78f2-42d5-11ea-3a84-7d9653a42ea4,img/repeat/907180/colony4j-883f78f2-42d5-11ea-3a84-7d9653a42ea4.png,blank,[4 0 4; 1 3 1; 4 0 4],"[2]=>0;[3]=>1;[0, 9, 4, 7, 8, 6, 1]=>same;[5]=>switch",true
884feaca-42d5-11ea-0e9c-cfd3775c85ea,img/repeat/907180/colony4j-884feaca-42d5-11ea-0e9c-cfd3775c85ea.png,square,[4 0 4; 1 3 1; 4 0 4],"[2]=>0;[3]=>1;[5]=>same;[0, 9, 4, 7, 8, 6, 1]=>switch",true
88660a62-42d5-11ea-1747-07086fb4efe7,img/repeat/907180/colony4j-88660a62-42d5-11ea-1747-07086fb4efe7.png,random,[4 0 4; 1 3 1; 4 0 4],"[5]=>0;[3]=>1;[0, 9, 4, 7, 8, 6, 1]=>same;[2]=>switch",true
8871d05e-42d5-11ea-2703-453c602db219,img/repeat/907180/colony4j-8871d05e-42d5-11ea-2703-453c602db219.png,blank,[4 0 4; 1 3 1; 4 0 4],"[5]=>0;[3]=>1;[2]=>same;[0, 9, 4, 7, 8, 6, 1]=>switch",true
888e6a7c-42d5-11ea-0e32-ab6dfde0bd56,img/regular/826828/colony4j-888e6a7c-42d5-11ea-0e32-ab6dfde0bd56.png,random,[4 0 4; 1 3 1; 4 0 4],"[0, 9, 4, 7, 8, 6, 1]=>0;[5]=>1;[2]=>same;[3]=>switch",false
889ed7f2-42d5-11ea-13d6-9f71abfd5303,img/regular/826828/colony4j-889ed7f2-42d5-11ea-13d6-9f71abfd5303.png,random,[4 0 4; 1 3 1; 4 0 4],"[0, 9, 4, 7, 8, 6, 1]=>0;[5]=>1;[3]=>same;[2]=>switch",false
88b2f9b2-42d5-11ea-1c77-e3088417f093,img/regular/826828/colony4j-88b2f9b2-42d5-11ea-1c77-e3088417f093.png,random,[4 0 4; 1 3 1; 4 0 4],"[2]=>0;[5]=>1;[0, 9, 4, 7, 8, 6, 1]=>same;[3]=>switch",false
88d33d80-42d5-11ea-03de-39dbb3a2a624,img/regular/826828/colony4j-88d33d80-42d5-11ea-03de-39dbb3a2a624.png,square,[1 0 1; 3 2 3; 1 0 1],"[1]=>0;[7, 9, 4, 0, 2, 5, 8]=>1;[3]=>same;[6]=>switch",false
88df189e-42d5-11ea-114d-036a07a696e4,img/regular/826828/colony4j-88df189e-42d5-11ea-114d-036a07a696e4.png,blank,[1 0 1; 3 2 3; 1 0 1],"[1]=>0;[7, 9, 4, 0, 2, 5, 8]=>1;[6]=>same;[3]=>switch",false
88eed5c2-42d5-11ea-36b5-1709dbbbf34e,img/regular/826828/colony4j-88eed5c2-42d5-11ea-36b5-1709dbbbf34e.png,square,[1 0 1; 3 2 3; 1 0 1],"[3]=>0;[7, 9, 4, 0, 2, 5, 8]=>1;[1]=>same;[6]=>switch",false
88fda1b2-42d5-11ea-3f87-f11c415ca48f,img/regular/826828/colony4j-88fda1b2-42d5-11ea-3f87-f11c415ca48f.png,square,[1 0 1; 3 2 3; 1 0 1],"[3]=>0;[7, 9, 4, 0, 2, 5, 8]=>1;[6]=>same;[1]=>switch",false
898e44d6-42d5-11ea-1ea1-4991c6fd056a,img/repeat/907180/colony4j-898e44d6-42d5-11ea-1ea1-4991c6fd056a.png,random,[1 0 1; 3 2 3; 1 0 1],"[6]=>0;[7, 9, 4, 0, 2, 5, 8]=>1;[1]=>same;[3]=>switch",true
899bb1ac-42d5-11ea-3a4a-db89f95a6351,img/regular/826828/colony4j-899bb1ac-42d5-11ea-3a4a-db89f95a6351.png,random,[1 0 1; 3 2 3; 1 0 1],"[6]=>0;[7, 9, 4, 0, 2, 5, 8]=>1;[3]=>same;[1]=>switch",false
89ad621c-42d5-11ea-0270-5d11b25091b4,img/regular/826828/colony4j-89ad621c-42d5-11ea-0270-5d11b25091b4.png,random,[1 0 1; 3 2 3; 1 0 1],"[7, 9, 4, 0, 2, 5, 8]=>0;[1]=>1;[3]=>same;[6]=>switch",false
89c1250e-42d5-11ea-14bd-5bb44573f3bc,img/repeat/907180/colony4j-89c1250e-42d5-11ea-14bd-5bb44573f3bc.png,blank,[1 0 1; 3 2 3; 1 0 1],"[7, 9, 4, 0, 2, 5, 8]=>0;[1]=>1;[6]=>same;[3]=>switch",true
89cfccc6-42d5-11ea-0d10-99d80bbd4918,img/repeat/907180/colony4j-89cfccc6-42d5-11ea-0d10-99d80bbd4918.png,blank,[1 0 1; 3 2 3; 1 0 1],"[3]=>0;[1]=>1;[7, 9, 4, 0, 2, 5, 8]=>same;[6]=>switch",true
89dea3ba-42d5-11ea-212b-a5ddf2756342,img/regular/826828/colony4j-89dea3ba-42d5-11ea-212b-a5ddf2756342.png,square,[1 0 1; 3 2 3; 1 0 1],"[3]=>0;[1]=>1;[6]=>same;[7, 9, 4, 0, 2, 5, 8]=>switch",false
89f1f792-42d5-11ea-30b0-4da084cff5fb,img/repeat/907180/colony4j-89f1f792-42d5-11ea-30b0-4da084cff5fb.png,random,[1 0 1; 3 2 3; 1 0 1],"[6]=>0;[1]=>1;[7, 9, 4, 0, 2, 5, 8]=>same;[3]=>switch",true
8a0360de-42d5-11ea-2a84-b3772c45016e,img/regular/826828/colony4j-8a0360de-42d5-11ea-2a84-b3772c45016e.png,square,[1 0 1; 3 2 3; 1 0 1],"[6]=>0;[1]=>1;[3]=>same;[7, 9, 4, 0, 2, 5, 8]=>switch",false
8a12a5c8-42d5-11ea-3271-51743913cd9d,img/regular/826828/colony4j-8a12a5c8-42d5-11ea-3271-51743913cd9d.png,square,[1 0 1; 3 2 3; 1 0 1],"[7, 9, 4, 0, 2, 5, 8]=>0;[3]=>1;[1]=>same;[6]=>switch",false
8a244e54-42d5-11ea-0bb4-631e15bb9808,img/repeat/907180/colony4j-8a244e54-42d5-11ea-0bb4-631e15bb9808.png,square,[1 0 1; 3 2 3; 1 0 1],"[7, 9, 4, 0, 2, 5, 8]=>0;[3]=>1;[6]=>same;[1]=>switch",true
8a37f0b2-42d5-11ea-1f24-631a4c09349a,img/regular/826828/colony4j-8a37f0b2-42d5-11ea-1f24-631a4c09349a.png,blank,[1 0 1; 3 2 3; 1 0 1],"[1]=>0;[3]=>1;[7, 9, 4, 0, 2, 5, 8]=>same;[6]=>switch",false
8a4690b8-42d5-11ea-1668-2f6143adde0c,img/regular/826828/colony4j-8a4690b8-42d5-11ea-1668-2f6143adde0c.png,blank,[1 0 1; 3 2 3; 1 0 1],"[1]=>0;[3]=>1;[6]=>same;[7, 9, 4, 0, 2, 5, 8]=>switch",false
8a5508f0-42d5-11ea-3941-45994035c142,img/regular/826828/colony4j-8a5508f0-42d5-11ea-3941-45994035c142.png,square,[1 0 1; 3 2 3; 1 0 1],"[6]=>0;[3]=>1;[7, 9, 4, 0, 2, 5, 8]=>same;[1]=>switch",false
8a62d5d4-42d5-11ea-3c57-152ca596fa39,img/regular/826828/colony4j-8a62d5d4-42d5-11ea-3c57-152ca596fa39.png,square,[1 0 1; 3 2 3; 1 0 1],"[6]=>0;[3]=>1;[1]=>same;[7, 9, 4, 0, 2, 5, 8]=>switch",false
8a74d928-42d5-11ea-3720-639015fb3458,img/regular/826828/colony4j-8a74d928-42d5-11ea-3720-639015fb3458.png,random,[1 0 1; 3 2 3; 1 0 1],"[7, 9, 4, 0, 2, 5, 8]=>0;[6]=>1;[1]=>same;[3]=>switch",false
8a840c68-42d5-11ea-3742-4fb99816d76f,img/regular/826828/colony4j-8a840c68-42d5-11ea-3742-4fb99816d76f.png,random,[1 0 1; 3 2 3; 1 0 1],"[7, 9, 4, 0, 2, 5, 8]=>0;[6]=>1;[3]=>same;[1]=>switch",false
8a943c6e-42d5-11ea-3e6c-2914b6d3d2cc,img/regular/826828/colony4j-8a943c6e-42d5-11ea-3e6c-2914b6d3d2cc.png,square,[1 0 1; 3 2 3; 1 0 1],"[1]=>0;[6]=>1;[7, 9, 4, 0, 2, 5, 8]=>same;[3]=>switch",false
8ab1fb50-42d5-11ea-1fb6-c7b4ba167e62,img/regular/826828/colony4j-8ab1fb50-42d5-11ea-1fb6-c7b4ba167e62.png,blank,[3 0 3; 1 1 1; 3 0 3],"[1]=>0;[0, 4, 9, 2, 3, 8, 6]=>1;[5]=>same;[7]=>switch",false
8ac3a3aa-42d5-11ea-1342-0712960dd6a9,img/regular/826828/colony4j-8ac3a3aa-42d5-11ea-1342-0712960dd6a9.png,blank,[3 0 3; 1 1 1; 3 0 3],"[1]=>0;[0, 4, 9, 2, 3, 8, 6]=>1;[7]=>same;[5]=>switch",false
8ad75e0e-42d5-11ea-0f16-0d69b2fe03e2,img/repeat/907180/colony4j-8ad75e0e-42d5-11ea-0f16-0d69b2fe03e2.png,random,[3 0 3; 1 1 1; 3 0 3],"[5]=>0;[0, 4, 9, 2, 3, 8, 6]=>1;[1]=>same;[7]=>switch",true
8ae685dc-42d5-11ea-088c-4f63a417bef8,img/regular/826828/colony4j-8ae685dc-42d5-11ea-088c-4f63a417bef8.png,square,[3 0 3; 1 1 1; 3 0 3],"[5]=>0;[0, 4, 9, 2, 3, 8, 6]=>1;[7]=>same;[1]=>switch",false
8afbf2b4-42d5-11ea-2c6a-f36b42bbf89a,img/repeat/907180/colony4j-8afbf2b4-42d5-11ea-2c6a-f36b42bbf89a.png,square,[3 0 3; 1 1 1; 3 0 3],"[7]=>0;[0, 4, 9, 2, 3, 8, 6]=>1;[1]=>same;[5]=>switch",true
8b124956-42d5-11ea-3871-cb6a92cd7d0b,img/regular/826828/colony4j-8b124956-42d5-11ea-3871-cb6a92cd7d0b.png,random,[3 0 3; 1 1 1; 3 0 3],"[7]=>0;[0, 4, 9, 2, 3, 8, 6]=>1;[5]=>same;[1]=>switch",false
8b264dd2-42d5-11ea-3e7b-239a6f6b9aa3,img/repeat/907180/colony4j-8b264dd2-42d5-11ea-3e7b-239a6f6b9aa3.png,blank,[3 0 3; 1 1 1; 3 0 3],"[0, 4, 9, 2, 3, 8, 6]=>0;[1]=>1;[5]=>same;[7]=>switch",true
8b3b38f2-42d5-11ea-3544-8f091efe77f1,img/repeat/907180/colony4j-8b3b38f2-42d5-11ea-3544-8f091efe77f1.png,blank,[3 0 3; 1 1 1; 3 0 3],"[0, 4, 9, 2, 3, 8, 6]=>0;[1]=>1;[7]=>same;[5]=>switch",true
8b4ad064-42d5-11ea-0154-b5cb044d8c41,img/repeat/907180/colony4j-8b4ad064-42d5-11ea-0154-b5cb044d8c41.png,square,[3 0 3; 1 1 1; 3 0 3],"[5]=>0;[1]=>1;[0, 4, 9, 2, 3, 8, 6]=>same;[7]=>switch",true
8b5c1c34-42d5-11ea-2720-a78d595a17f1,img/repeat/907180/colony4j-8b5c1c34-42d5-11ea-2720-a78d595a17f1.png,random,[3 0 3; 1 1 1; 3 0 3],"[5]=>0;[1]=>1;[7]=>same;[0, 4, 9, 2, 3, 8, 6]=>switch",true
8b6a8170-42d5-11ea-2b23-57f277c0511e,img/repeat/907180/colony4j-8b6a8170-42d5-11ea-2b23-57f277c0511e.png,random,[3 0 3; 1 1 1; 3 0 3],"[7]=>0;[1]=>1;[0, 4, 9, 2, 3, 8, 6]=>same;[5]=>switch",true
8b7ee048-42d5-11ea-3b85-71f6e7b43775,img/repeat/907180/colony4j-8b7ee048-42d5-11ea-3b85-71f6e7b43775.png,random,[3 0 3; 1 1 1; 3 0 3],"[7]=>0;[1]=>1;[5]=>same;[0, 4, 9, 2, 3, 8, 6]=>switch",true
8b8aa162-42d5-11ea-20d4-79ea1c8c773c,img/regular/826828/colony4j-8b8aa162-42d5-11ea-20d4-79ea1c8c773c.png,square,[3 0 3; 1 1 1; 3 0 3],"[0, 4, 9, 2, 3, 8, 6]=>0;[5]=>1;[1]=>same;[7]=>switch",false
8b9f0fbc-42d5-11ea-0bbe-6f74a6109358,img/regular/826828/colony4j-8b9f0fbc-42d5-11ea-0bbe-6f74a6109358.png,random,[3 0 3; 1 1 1; 3 0 3],"[0, 4, 9, 2, 3, 8, 6]=>0;[5]=>1;[7]=>same;[1]=>switch",false
8bafbe02-42d5-11ea-3e44-5dbcec712d5c,img/repeat/907180/colony4j-8bafbe02-42d5-11ea-3e44-5dbcec712d5c.png,blank,[3 0 3; 1 1 1; 3 0 3],"[1]=>0;[5]=>1;[0, 4, 9, 2, 3, 8, 6]=>same;[7]=>switch",true
8bc56450-42d5-11ea-23b6-f557642de1b7,img/regular/826828/colony4j-8bc56450-42d5-11ea-23b6-f557642de1b7.png,random,[3 0 3; 1 1 1; 3 0 3],"[1]=>0;[5]=>1;[7]=>same;[0, 4, 9, 2, 3, 8, 6]=>switch",false
8bd27c94-42d5-11ea-0954-c728f7df566b,img/regular/826828/colony4j-8bd27c94-42d5-11ea-0954-c728f7df566b.png,blank,[3 0 3; 1 1 1; 3 0 3],"[7]=>0;[5]=>1;[0, 4, 9, 2, 3, 8, 6]=>same;[1]=>switch",false
8bed8c28-42d5-11ea-2aa7-2df53ef1f36b,img/repeat/907180/colony4j-8bed8c28-42d5-11ea-2aa7-2df53ef1f36b.png,blank,[3 0 3; 1 1 1; 3 0 3],"[7]=>0;[5]=>1;[1]=>same;[0, 4, 9, 2, 3, 8, 6]=>switch",true
8bfd2ce6-42d5-11ea-3c14-19b63f38dc9a,img/regular/826828/colony4j-8bfd2ce6-42d5-11ea-3c14-19b63f38dc9a.png,square,[3 0 3; 1 1 1; 3 0 3],"[0, 4, 9, 2, 3, 8, 6]=>0;[7]=>1;[1]=>same;[5]=>switch",false
8c0a308a-42d5-11ea-3bfb-f32e254da836,img/repeat/907180/colony4j-8c0a308a-42d5-11ea-3bfb-f32e254da836.png,square,[3 0 3; 1 1 1; 3 0 3],"[0, 4, 9, 2, 3, 8, 6]=>0;[7]=>1;[5]=>same;[1]=>switch",true
8c172e5c-42d5-11ea-0936-e5410ea62f25,img/repeat/907180/colony4j-8c172e5c-42d5-11ea-0936-e5410ea62f25.png,blank,[3 0 3; 1 1 1; 3 0 3],"[1]=>0;[7]=>1;[0, 4, 9, 2, 3, 8, 6]=>same;[5]=>switch",true
8c353bd6-42d5-11ea-1dd7-c37b8cf8d236,img/regular/826828/colony4j-8c353bd6-42d5-11ea-1dd7-c37b8cf8d236.png,random,[1 2 1; 2 3 2; 1 2 1],"[1]=>0;[7, 4, 9, 0, 8, 5, 6]=>1;[2]=>same;[3]=>switch",false
8c48a0d6-42d5-11ea-274e-b5caadedab88,img/regular/826828/colony4j-8c48a0d6-42d5-11ea-274e-b5caadedab88.png,random,[1 2 1; 2 3 2; 1 2 1],"[1]=>0;[7, 4, 9, 0, 8, 5, 6]=>1;[3]=>same;[2]=>switch",false
8c5cd95c-42d5-11ea-38b7-ffda350bd9b9,img/repeat/907180/colony4j-8c5cd95c-42d5-11ea-38b7-ffda350bd9b9.png,square,[1 2 1; 2 3 2; 1 2 1],"[2]=>0;[7, 4, 9, 0, 8, 5, 6]=>1;[1]=>same;[3]=>switch",true
8c6b1db4-42d5-11ea-08cf-b5abf2087c4d,img/repeat/907180/colony4j-8c6b1db4-42d5-11ea-08cf-b5abf2087c4d.png,blank,[1 2 1; 2 3 2; 1 2 1],"[2]=>0;[7, 4, 9, 0, 8, 5, 6]=>1;[3]=>same;[1]=>switch",true
8c7d757c-42d5-11ea-2fe5-810958f13a02,img/repeat/907180/colony4j-8c7d757c-42d5-11ea-2fe5-810958f13a02.png,blank,[1 2 1; 2 3 2; 1 2 1],"[3]=>0;[7, 4, 9, 0, 8, 5, 6]=>1;[1]=>same;[2]=>switch",true
8c957cd2-42d5-11ea-00ad-65a9f9777f33,img/regular/826828/colony4j-8c957cd2-42d5-11ea-00ad-65a9f9777f33.png,random,[1 2 1; 2 3 2; 1 2 1],"[3]=>0;[7, 4, 9, 0, 8, 5, 6]=>1;[2]=>same;[1]=>switch",false
8ca90fc0-42d5-11ea-3a6c-294c83b54f49,img/regular/826828/colony4j-8ca90fc0-42d5-11ea-3a6c-294c83b54f49.png,square,[1 2 1; 2 3 2; 1 2 1],"[7, 4, 9, 0, 8, 5, 6]=>0;[1]=>1;[2]=>same;[3]=>switch",false
8cbb9e56-42d5-11ea-37a6-dd9fd37e7709,img/repeat/907180/colony4j-8cbb9e56-42d5-11ea-37a6-dd9fd37e7709.png,random,[1 2 1; 2 3 2; 1 2 1],"[7, 4, 9, 0, 8, 5, 6]=>0;[1]=>1;[3]=>same;[2]=>switch",true
8ccaa978-42d5-11ea-3750-057958a22d6a,img/regular/826828/colony4j-8ccaa978-42d5-11ea-3750-057958a22d6a.png,square,[1 2 1; 2 3 2; 1 2 1],"[2]=>0;[1]=>1;[7, 4, 9, 0, 8, 5, 6]=>same;[3]=>switch",false
8cde9866-42d5-11ea-1e89-4de045602fba,img/repeat/907180/colony4j-8cde9866-42d5-11ea-1e89-4de045602fba.png,random,[1 2 1; 2 3 2; 1 2 1],"[2]=>0;[1]=>1;[3]=>same;[7, 4, 9, 0, 8, 5, 6]=>switch",true
8cedc30e-42d5-11ea-145b-bb6e81ab1ac8,img/regular/826828/colony4j-8cedc30e-42d5-11ea-145b-bb6e81ab1ac8.png,square,[1 2 1; 2 3 2; 1 2 1],"[3]=>0;[1]=>1;[7, 4, 9, 0, 8, 5, 6]=>same;[2]=>switch",false
8cfd865e-42d5-11ea-09f6-ed8b7b70d68a,img/repeat/907180/colony4j-8cfd865e-42d5-11ea-09f6-ed8b7b70d68a.png,random,[1 2 1; 2 3 2; 1 2 1],"[3]=>0;[1]=>1;[2]=>same;[7, 4, 9, 0, 8, 5, 6]=>switch",true
8d196ec8-42d5-11ea-2c41-ff749194e851,img/repeat/907180/colony4j-8d196ec8-42d5-11ea-2c41-ff749194e851.png,blank,[1 2 1; 2 3 2; 1 2 1],"[7, 4, 9, 0, 8, 5, 6]=>0;[2]=>1;[1]=>same;[3]=>switch",true
8d2c23ba-42d5-11ea-0259-15e9a7880d63,img/regular/826828/colony4j-8d2c23ba-42d5-11ea-0259-15e9a7880d63.png,square,[1 2 1; 2 3 2; 1 2 1],"[7, 4, 9, 0, 8, 5, 6]=>0;[2]=>1;[3]=>same;[1]=>switch",false
8d436322-42d5-11ea-1035-2d50a878eb09,img/regular/826828/colony4j-8d436322-42d5-11ea-1035-2d50a878eb09.png,square,[1 2 1; 2 3 2; 1 2 1],"[1]=>0;[2]=>1;[7, 4, 9, 0, 8, 5, 6]=>same;[3]=>switch",false
8d501cea-42d5-11ea-360c-d590dbb049ad,img/regular/826828/colony4j-8d501cea-42d5-11ea-360c-d590dbb049ad.png,square,[1 2 1; 2 3 2; 1 2 1],"[1]=>0;[2]=>1;[3]=>same;[7, 4, 9, 0, 8, 5, 6]=>switch",false
8d605360-42d5-11ea-233d-65e744b1bd79,img/regular/826828/colony4j-8d605360-42d5-11ea-233d-65e744b1bd79.png,random,[1 2 1; 2 3 2; 1 2 1],"[3]=>0;[2]=>1;[7, 4, 9, 0, 8, 5, 6]=>same;[1]=>switch",false
8d76f552-42d5-11ea-0257-d361c2801a06,img/repeat/907180/colony4j-8d76f552-42d5-11ea-0257-d361c2801a06.png,random,[1 2 1; 2 3 2; 1 2 1],"[3]=>0;[2]=>1;[1]=>same;[7, 4, 9, 0, 8, 5, 6]=>switch",true
8d84bdc2-42d5-11ea-20b5-23d73d55d6b2,img/repeat/907180/colony4j-8d84bdc2-42d5-11ea-20b5-23d73d55d6b2.png,square,[1 2 1; 2 3 2; 1 2 1],"[7, 4, 9, 0, 8, 5, 6]=>0;[3]=>1;[1]=>same;[2]=>switch",true
8d9de01a-42d5-11ea-29ee-9fb0d571f0e7,img/regular/826828/colony4j-8d9de01a-42d5-11ea-29ee-9fb0d571f0e7.png,random,[1 2 1; 2 3 2; 1 2 1],"[7, 4, 9, 0, 8, 5, 6]=>0;[3]=>1;[2]=>same;[1]=>switch",false
8db14bda-42d5-11ea-0648-3d9a2a985b42,img/regular/826828/colony4j-8db14bda-42d5-11ea-0648-3d9a2a985b42.png,square,[1 2 1; 2 3 2; 1 2 1],"[1]=>0;[3]=>1;[7, 4, 9, 0, 8, 5, 6]=>same;[2]=>switch",false
8dcaeb44-42d5-11ea-2b3a-8127430681b7,img/regular/826828/colony4j-8dcaeb44-42d5-11ea-2b3a-8127430681b7.png,random,[4 0 4; 4 1 4; 4 0 4],"[1]=>0;[7, 0, 4, 2, 3, 8, 5]=>1;[6]=>same;[9]=>switch",false
8dda061a-42d5-11ea-3b13-45eec4c2f7ed,img/regular/826828/colony4j-8dda061a-42d5-11ea-3b13-45eec4c2f7ed.png,square,[4 0 4; 4 1 4; 4 0 4],"[1]=>0;[7, 0, 4, 2, 3, 8, 5]=>1;[9]=>same;[6]=>switch",false
8ded3276-42d5-11ea-0719-2770d4fcf139,img/repeat/907180/colony4j-8ded3276-42d5-11ea-0719-2770d4fcf139.png,blank,[4 0 4; 4 1 4; 4 0 4],"[6]=>0;[7, 0, 4, 2, 3, 8, 5]=>1;[1]=>same;[9]=>switch",true
8e013b86-42d5-11ea-3949-75ccde0caf7d,img/regular/826828/colony4j-8e013b86-42d5-11ea-3949-75ccde0caf7d.png,blank,[4 0 4; 4 1 4; 4 0 4],"[6]=>0;[7, 0, 4, 2, 3, 8, 5]=>1;[9]=>same;[1]=>switch",false
8e1d6784-42d5-11ea-0894-35390425cd64,img/repeat/907180/colony4j-8e1d6784-42d5-11ea-0894-35390425cd64.png,square,[4 0 4; 4 1 4; 4 0 4],"[9]=>0;[7, 0, 4, 2, 3, 8, 5]=>1;[1]=>same;[6]=>switch",true
8e31cb66-42d5-11ea-1ba6-efb0007679b1,img/regular/826828/colony4j-8e31cb66-42d5-11ea-1ba6-efb0007679b1.png,random,[4 0 4; 4 1 4; 4 0 4],"[9]=>0;[7, 0, 4, 2, 3, 8, 5]=>1;[6]=>same;[1]=>switch",false
8e476b88-42d5-11ea-01b4-91d188f8728c,img/repeat/907180/colony4j-8e476b88-42d5-11ea-01b4-91d188f8728c.png,blank,[4 0 4; 4 1 4; 4 0 4],"[7, 0, 4, 2, 3, 8, 5]=>0;[1]=>1;[6]=>same;[9]=>switch",true
8e5b6294-42d5-11ea-2dfb-0d812eedd7dc,img/repeat/907180/colony4j-8e5b6294-42d5-11ea-2dfb-0d812eedd7dc.png,random,[4 0 4; 4 1 4; 4 0 4],"[7, 0, 4, 2, 3, 8, 5]=>0;[1]=>1;[9]=>same;[6]=>switch",true
8e6e903c-42d5-11ea-0b38-6fe346df9ac5,img/repeat/907180/colony4j-8e6e903c-42d5-11ea-0b38-6fe346df9ac5.png,square,[4 0 4; 4 1 4; 4 0 4],"[6]=>0;[1]=>1;[7, 0, 4, 2, 3, 8, 5]=>same;[9]=>switch",true
8e8574c8-42d5-11ea-2423-8994cd912b3f,img/repeat/907180/colony4j-8e8574c8-42d5-11ea-2423-8994cd912b3f.png,square,[4 0 4; 4 1 4; 4 0 4],"[6]=>0;[1]=>1;[9]=>same;[7, 0, 4, 2, 3, 8, 5]=>switch",true
8e9e3d58-42d5-11ea-0b59-93b74409d6d8,img/repeat/907180/colony4j-8e9e3d58-42d5-11ea-0b59-93b74409d6d8.png,random,[4 0 4; 4 1 4; 4 0 4],"[9]=>0;[1]=>1;[7, 0, 4, 2, 3, 8, 5]=>same;[6]=>switch",true
8eb346aa-42d5-11ea-0e8b-91d44aed4eb4,img/repeat/907180/colony4j-8eb346aa-42d5-11ea-0e8b-91d44aed4eb4.png,blank,[4 0 4; 4 1 4; 4 0 4],"[9]=>0;[1]=>1;[6]=>same;[7, 0, 4, 2, 3, 8, 5]=>switch",true
8ecbe58e-42d5-11ea-1527-57be9cd8a840,img/regular/826828/colony4j-8ecbe58e-42d5-11ea-1527-57be9cd8a840.png,random,[4 0 4; 4 1 4; 4 0 4],"[7, 0, 4, 2, 3, 8, 5]=>0;[6]=>1;[1]=>same;[9]=>switch",false
8ee453f8-42d5-11ea-0e84-a95671815e87,img/regular/826828/colony4j-8ee453f8-42d5-11ea-0e84-a95671815e87.png,square,[4 0 4; 4 1 4; 4 0 4],"[7, 0, 4, 2, 3, 8, 5]=>0;[6]=>1;[9]=>same;[1]=>switch",false
8eff810a-42d5-11ea-371e-6b593ef2368c,img/repeat/907180/colony4j-8eff810a-42d5-11ea-371e-6b593ef2368c.png,random,[4 0 4; 4 1 4; 4 0 4],"[1]=>0;[6]=>1;[7, 0, 4, 2, 3, 8, 5]=>same;[9]=>switch",true
8f0e617a-42d5-11ea-2b6d-ab7766270610,img/regular/826828/colony4j-8f0e617a-42d5-11ea-2b6d-ab7766270610.png,blank,[4 0 4; 4 1 4; 4 0 4],"[1]=>0;[6]=>1;[9]=>same;[7, 0, 4, 2, 3, 8, 5]=>switch",false
8f222e64-42d5-11ea-194e-2f36e1153c5b,img/regular/826828/colony4j-8f222e64-42d5-11ea-194e-2f36e1153c5b.png,blank,[4 0 4; 4 1 4; 4 0 4],"[9]=>0;[6]=>1;[7, 0, 4, 2, 3, 8, 5]=>same;[1]=>switch",false
8f33e4e0-42d5-11ea-15ce-eb94105ea3b9,img/repeat/907180/colony4j-8f33e4e0-42d5-11ea-15ce-eb94105ea3b9.png,blank,[4 0 4; 4 1 4; 4 0 4],"[9]=>0;[6]=>1;[1]=>same;[7, 0, 4, 2, 3, 8, 5]=>switch",true
8f4287d4-42d5-11ea-0e04-c96cae1c2880,img/regular/826828/colony4j-8f4287d4-42d5-11ea-0e04-c96cae1c2880.png,random,[4 0 4; 4 1 4; 4 0 4],"[7, 0, 4, 2, 3, 8, 5]=>0;[9]=>1;[1]=>same;[6]=>switch",false
8f525bf0-42d5-11ea-398f-ed8e6e8666d9,img/repeat/907180/colony4j-8f525bf0-42d5-11ea-398f-ed8e6e8666d9.png,square,[4 0 4; 4 1 4; 4 0 4],"[7, 0, 4, 2, 3, 8, 5]=>0;[9]=>1;[6]=>same;[1]=>switch",true
8f608306-42d5-11ea-1b9f-75e9d79187e8,img/repeat/907180/colony4j-8f608306-42d5-11ea-1b9f-75e9d79187e8.png,blank,[4 0 4; 4 1 4; 4 0 4],"[1]=>0;[9]=>1;[7, 0, 4, 2, 3, 8, 5]=>same;[6]=>switch",true
8f7cee42-42d5-11ea-3b90-b910b1d9ae35,img/regular/826828/colony4j-8f7cee42-42d5-11ea-3b90-b910b1d9ae35.png,square,[4 3 4; 2 4 2; 4 3 4],"[1]=>0;[0, 4, 7, 9, 2, 5, 6]=>1;[3]=>same;[8]=>switch",false
8f8f54a4-42d5-11ea-055b-ed7536656909,img/regular/826828/colony4j-8f8f54a4-42d5-11ea-055b-ed7536656909.png,random,[4 3 4; 2 4 2; 4 3 4],"[1]=>0;[0, 4, 7, 9, 2, 5, 6]=>1;[8]=>same;[3]=>switch",false
8f9fc4b2-42d5-11ea-2c94-edfd9864affb,img/regular/826828/colony4j-8f9fc4b2-42d5-11ea-2c94-edfd9864affb.png,square,[4 3 4; 2 4 2; 4 3 4],"[3]=>0;[0, 4, 7, 9, 2, 5, 6]=>1;[1]=>same;[8]=>switch",false
8fb3f14e-42d5-11ea-08b7-61699c579633,img/regular/826828/colony4j-8fb3f14e-42d5-11ea-08b7-61699c579633.png,square,[4 3 4; 2 4 2; 4 3 4],"[3]=>0;[0, 4, 7, 9, 2, 5, 6]=>1;[8]=>same;[1]=>switch",false
8fc44968-42d5-11ea-3f1d-1bca03f071c6,img/repeat/907180/colony4j-8fc44968-42d5-11ea-3f1d-1bca03f071c6.png,square,[4 3 4; 2 4 2; 4 3 4],"[8]=>0;[0, 4, 7, 9, 2, 5, 6]=>1;[1]=>same;[3]=>switch",true
8fd1c37e-42d5-11ea-0076-43e34bb1f0b1,img/regular/826828/colony4j-8fd1c37e-42d5-11ea-0076-43e34bb1f0b1.png,blank,[4 3 4; 2 4 2; 4 3 4],"[8]=>0;[0, 4, 7, 9, 2, 5, 6]=>1;[3]=>same;[1]=>switch",false
8fea096e-42d5-11ea-01f6-db3d44ba4538,img/repeat/907180/colony4j-8fea096e-42d5-11ea-01f6-db3d44ba4538.png,blank,[4 3 4; 2 4 2; 4 3 4],"[0, 4, 7, 9, 2, 5, 6]=>0;[1]=>1;[3]=>same;[8]=>switch",true
8ffb1eb6-42d5-11ea-16c8-11d0fe07fdf0,img/repeat/907180/colony4j-8ffb1eb6-42d5-11ea-16c8-11d0fe07fdf0.png,blank,[4 3 4; 2 4 2; 4 3 4],"[0, 4, 7, 9, 2, 5, 6]=>0;[1]=>1;[8]=>same;[3]=>switch",true
90151980-42d5-11ea-082e-f186fbb5f7e5,img/repeat/907180/colony4j-90151980-42d5-11ea-082e-f186fbb5f7e5.png,random,[4 3 4; 2 4 2; 4 3 4],"[3]=>0;[1]=>1;[0, 4, 7, 9, 2, 5, 6]=>same;[8]=>switch",true
4361b158-42d7-11ea-1e00-8de7e85df8a2,img/regular/897259/colony4j-4361b158-42d7-11ea-1e00-8de7e85df8a2.png,random,[2 3 2; 1 1 1; 2 3 2],"[1]=>0;[0, 4, 9, 7, 2, 8, 6]=>1;[3]=>same;[5]=>switch",false
44d6d28e-42d7-11ea-2876-55f9a4bda810,img/regular/897259/colony4j-44d6d28e-42d7-11ea-2876-55f9a4bda810.png,blank,[2 3 2; 1 1 1; 2 3 2],"[1]=>0;[0, 4, 9, 7, 2, 8, 6]=>1;[5]=>same;[3]=>switch",false
44e63620-42d7-11ea-164b-b5005462b5e5,img/repeat/430318/colony4j-44e63620-42d7-11ea-164b-b5005462b5e5.png,blank,[2 3 2; 1 1 1; 2 3 2],"[3]=>0;[0, 4, 9, 7, 2, 8, 6]=>1;[1]=>same;[5]=>switch",true
44f57252-42d7-11ea-0589-f12c63dc95db,img/regular/897259/colony4j-44f57252-42d7-11ea-0589-f12c63dc95db.png,blank,[2 3 2; 1 1 1; 2 3 2],"[3]=>0;[0, 4, 9, 7, 2, 8, 6]=>1;[5]=>same;[1]=>switch",false
4505550a-42d7-11ea-37bd-73144caddfb7,img/repeat/430318/colony4j-4505550a-42d7-11ea-37bd-73144caddfb7.png,square,[2 3 2; 1 1 1; 2 3 2],"[5]=>0;[0, 4, 9, 7, 2, 8, 6]=>1;[1]=>same;[3]=>switch",true
4514d336-42d7-11ea-0acc-7fadb4fa011d,img/regular/897259/colony4j-4514d336-42d7-11ea-0acc-7fadb4fa011d.png,blank,[2 3 2; 1 1 1; 2 3 2],"[5]=>0;[0, 4, 9, 7, 2, 8, 6]=>1;[3]=>same;[1]=>switch",false
45252b5a-42d7-11ea-394b-7d8ddbc199dc,img/regular/897259/colony4j-45252b5a-42d7-11ea-394b-7d8ddbc199dc.png,square,[2 3 2; 1 1 1; 2 3 2],"[0, 4, 9, 7, 2, 8, 6]=>0;[1]=>1;[3]=>same;[5]=>switch",false
453d2e76-42d7-11ea-11a7-edc6963091d1,img/repeat/430318/colony4j-453d2e76-42d7-11ea-11a7-edc6963091d1.png,random,[2 3 2; 1 1 1; 2 3 2],"[0, 4, 9, 7, 2, 8, 6]=>0;[1]=>1;[5]=>same;[3]=>switch",true
455260fc-42d7-11ea-23c1-e95114940a5a,img/repeat/430318/colony4j-455260fc-42d7-11ea-23c1-e95114940a5a.png,blank,[2 3 2; 1 1 1; 2 3 2],"[3]=>0;[1]=>1;[0, 4, 9, 7, 2, 8, 6]=>same;[5]=>switch",true
456be3ec-42d7-11ea-2e7c-91cf1934e3b8,img/repeat/430318/colony4j-456be3ec-42d7-11ea-2e7c-91cf1934e3b8.png,blank,[2 3 2; 1 1 1; 2 3 2],"[3]=>0;[1]=>1;[5]=>same;[0, 4, 9, 7, 2, 8, 6]=>switch",true
4584c380-42d7-11ea-2ae7-656bebb66f4f,img/repeat/430318/colony4j-4584c380-42d7-11ea-2ae7-656bebb66f4f.png,blank,[2 3 2; 1 1 1; 2 3 2],"[5]=>0;[1]=>1;[0, 4, 9, 7, 2, 8, 6]=>same;[3]=>switch",true
45960654-42d7-11ea-1ab5-1550e0500848,img/regular/897259/colony4j-45960654-42d7-11ea-1ab5-1550e0500848.png,square,[2 3 2; 1 1 1; 2 3 2],"[5]=>0;[1]=>1;[3]=>same;[0, 4, 9, 7, 2, 8, 6]=>switch",false
45a9caa4-42d7-11ea-1b62-87d15a58b6f4,img/regular/897259/colony4j-45a9caa4-42d7-11ea-1b62-87d15a58b6f4.png,square,[2 3 2; 1 1 1; 2 3 2],"[0, 4, 9, 7, 2, 8, 6]=>0;[3]=>1;[1]=>same;[5]=>switch",false
45baa9e6-42d7-11ea-3c3c-5b02b6a49ef2,img/regular/897259/colony4j-45baa9e6-42d7-11ea-3c3c-5b02b6a49ef2.png,random,[2 3 2; 1 1 1; 2 3 2],"[0, 4, 9, 7, 2, 8, 6]=>0;[3]=>1;[5]=>same;[1]=>switch",false
45d6133e-42d7-11ea-3b89-a727902f7baf,img/regular/897259/colony4j-45d6133e-42d7-11ea-3b89-a727902f7baf.png,random,[2 3 2; 1 1 1; 2 3 2],"[1]=>0;[3]=>1;[0, 4, 9, 7, 2, 8, 6]=>same;[5]=>switch",false
45e64c2c-42d7-11ea-142e-559d711a0b67,img/regular/897259/colony4j-45e64c2c-42d7-11ea-142e-559d711a0b67.png,random,[2 3 2; 1 1 1; 2 3 2],"[1]=>0;[3]=>1;[5]=>same;[0, 4, 9, 7, 2, 8, 6]=>switch",false
45f88694-42d7-11ea-31ad-03a823d0f6ff,img/regular/897259/colony4j-45f88694-42d7-11ea-31ad-03a823d0f6ff.png,random,[2 3 2; 1 1 1; 2 3 2],"[5]=>0;[3]=>1;[0, 4, 9, 7, 2, 8, 6]=>same;[1]=>switch",false
460c0142-42d7-11ea-0088-6579bbccd3a5,img/repeat/430318/colony4j-460c0142-42d7-11ea-0088-6579bbccd3a5.png,random,[2 3 2; 1 1 1; 2 3 2],"[5]=>0;[3]=>1;[1]=>same;[0, 4, 9, 7, 2, 8, 6]=>switch",true
4620ae62-42d7-11ea-2f0b-8b9fded9afcc,img/repeat/430318/colony4j-4620ae62-42d7-11ea-2f0b-8b9fded9afcc.png,blank,[2 3 2; 1 1 1; 2 3 2],"[0, 4, 9, 7, 2, 8, 6]=>0;[5]=>1;[1]=>same;[3]=>switch",true
46338f50-42d7-11ea-009a-975b20696d76,img/regular/897259/colony4j-46338f50-42d7-11ea-009a-975b20696d76.png,random,[2 3 2; 1 1 1; 2 3 2],"[0, 4, 9, 7, 2, 8, 6]=>0;[5]=>1;[3]=>same;[1]=>switch",false
464fa834-42d7-11ea-0c9b-adf2fe4fc0a0,img/regular/897259/colony4j-464fa834-42d7-11ea-0c9b-adf2fe4fc0a0.png,blank,[2 3 2; 1 1 1; 2 3 2],"[1]=>0;[5]=>1;[0, 4, 9, 7, 2, 8, 6]=>same;[3]=>switch",false
4668d2b4-42d7-11ea-2cce-1376ea4107f7,img/repeat/430318/colony4j-4668d2b4-42d7-11ea-2cce-1376ea4107f7.png,blank,[1 1 1; 0 4 0; 1 1 1],"[4]=>0;[0, 9, 7, 2, 3, 8, 1]=>1;[5]=>same;[6]=>switch",true
467e3618-42d7-11ea-1d23-a1c04c038eb7,img/repeat/430318/colony4j-467e3618-42d7-11ea-1d23-a1c04c038eb7.png,random,[1 1 1; 0 4 0; 1 1 1],"[4]=>0;[0, 9, 7, 2, 3, 8, 1]=>1;[6]=>same;[5]=>switch",true
46949fde-42d7-11ea-3be1-cdb607306037,img/repeat/430318/colony4j-46949fde-42d7-11ea-3be1-cdb607306037.png,random,[1 1 1; 0 4 0; 1 1 1],"[5]=>0;[0, 9, 7, 2, 3, 8, 1]=>1;[4]=>same;[6]=>switch",true
46a952e4-42d7-11ea-2d31-69723cbb3e01,img/regular/897259/colony4j-46a952e4-42d7-11ea-2d31-69723cbb3e01.png,square,[1 1 1; 0 4 0; 1 1 1],"[5]=>0;[0, 9, 7, 2, 3, 8, 1]=>1;[6]=>same;[4]=>switch",false
46bf51ca-42d7-11ea-15f7-cd40702b500f,img/repeat/430318/colony4j-46bf51ca-42d7-11ea-15f7-cd40702b500f.png,square,[1 1 1; 0 4 0; 1 1 1],"[6]=>0;[0, 9, 7, 2, 3, 8, 1]=>1;[4]=>same;[5]=>switch",true
46de79ee-42d7-11ea-3a38-f1888afd9ec0,img/repeat/430318/colony4j-46de79ee-42d7-11ea-3a38-f1888afd9ec0.png,random,[1 1 1; 0 4 0; 1 1 1],"[6]=>0;[0, 9, 7, 2, 3, 8, 1]=>1;[5]=>same;[4]=>switch",true
46f57cdc-42d7-11ea-006e-d7c247792a11,img/repeat/430318/colony4j-46f57cdc-42d7-11ea-006e-d7c247792a11.png,blank,[1 1 1; 0 4 0; 1 1 1],"[0, 9, 7, 2, 3, 8, 1]=>0;[4]=>1;[5]=>same;[6]=>switch",true
470a392e-42d7-11ea-2852-fd5a606138ba,img/regular/897259/colony4j-470a392e-42d7-11ea-2852-fd5a606138ba.png,blank,[1 1 1; 0 4 0; 1 1 1],"[0, 9, 7, 2, 3, 8, 1]=>0;[4]=>1;[6]=>same;[5]=>switch",false
471b509c-42d7-11ea-394e-d95574145e75,img/repeat/430318/colony4j-471b509c-42d7-11ea-394e-d95574145e75.png,blank,[1 1 1; 0 4 0; 1 1 1],"[5]=>0;[4]=>1;[0, 9, 7, 2, 3, 8, 1]=>same;[6]=>switch",true
472f59de-42d7-11ea-1b54-334d71e94eb0,img/regular/897259/colony4j-472f59de-42d7-11ea-1b54-334d71e94eb0.png,random,[1 1 1; 0 4 0; 1 1 1],"[5]=>0;[4]=>1;[6]=>same;[0, 9, 7, 2, 3, 8, 1]=>switch",false
4745ac48-42d7-11ea-34bb-61e9e8dedc5d,img/regular/897259/colony4j-4745ac48-42d7-11ea-34bb-61e9e8dedc5d.png,square,[1 1 1; 0 4 0; 1 1 1],"[6]=>0;[4]=>1;[0, 9, 7, 2, 3, 8, 1]=>same;[5]=>switch",false
47597ac0-42d7-11ea-3f79-a5960eb51b69,img/regular/897259/colony4j-47597ac0-42d7-11ea-3f79-a5960eb51b69.png,square,[1 1 1; 0 4 0; 1 1 1],"[6]=>0;[4]=>1;[5]=>same;[0, 9, 7, 2, 3, 8, 1]=>switch",false
4766731a-42d7-11ea-32ec-ef43a5cb4a64,img/regular/897259/colony4j-4766731a-42d7-11ea-32ec-ef43a5cb4a64.png,square,[1 1 1; 0 4 0; 1 1 1],"[0, 9, 7, 2, 3, 8, 1]=>0;[5]=>1;[4]=>same;[6]=>switch",false
47763a0c-42d7-11ea-138c-f5a4ec9661a5,img/regular/897259/colony4j-47763a0c-42d7-11ea-138c-f5a4ec9661a5.png,square,[1 1 1; 0 4 0; 1 1 1],"[0, 9, 7, 2, 3, 8, 1]=>0;[5]=>1;[6]=>same;[4]=>switch",false
478bf0fe-42d7-11ea-128c-4dbfa1afd99b,img/repeat/430318/colony4j-478bf0fe-42d7-11ea-128c-4dbfa1afd99b.png,random,[1 1 1; 0 4 0; 1 1 1],"[4]=>0;[5]=>1;[0, 9, 7, 2, 3, 8, 1]=>same;[6]=>switch",true
479a7aa4-42d7-11ea-1ec9-3d5e3652b947,img/repeat/430318/colony4j-479a7aa4-42d7-11ea-1ec9-3d5e3652b947.png,square,[1 1 1; 0 4 0; 1 1 1],"[4]=>0;[5]=>1;[6]=>same;[0, 9, 7, 2, 3, 8, 1]=>switch",true
47b65e46-42d7-11ea-1958-1b38b7c921e5,img/repeat/430318/colony4j-47b65e46-42d7-11ea-1958-1b38b7c921e5.png,random,[1 1 1; 0 4 0; 1 1 1],"[6]=>0;[5]=>1;[0, 9, 7, 2, 3, 8, 1]=>same;[4]=>switch",true
47c6e4d4-42d7-11ea-2010-e751fd78abbf,img/regular/897259/colony4j-47c6e4d4-42d7-11ea-2010-e751fd78abbf.png,blank,[1 1 1; 0 4 0; 1 1 1],"[6]=>0;[5]=>1;[4]=>same;[0, 9, 7, 2, 3, 8, 1]=>switch",false
47dbd130-42d7-11ea-3adf-8bdbe1ea81b1,img/regular/897259/colony4j-47dbd130-42d7-11ea-3adf-8bdbe1ea81b1.png,random,[1 1 1; 0 4 0; 1 1 1],"[0, 9, 7, 2, 3, 8, 1]=>0;[6]=>1;[4]=>same;[5]=>switch",false
47eed8a4-42d7-11ea-2f3a-7196eea17cfc,img/repeat/430318/colony4j-47eed8a4-42d7-11ea-2f3a-7196eea17cfc.png,square,[1 1 1; 0 4 0; 1 1 1],"[0, 9, 7, 2, 3, 8, 1]=>0;[6]=>1;[5]=>same;[4]=>switch",true
48065a42-42d7-11ea-13e8-a3d0e688fd06,img/repeat/430318/colony4j-48065a42-42d7-11ea-13e8-a3d0e688fd06.png,random,[1 1 1; 0 4 0; 1 1 1],"[4]=>0;[6]=>1;[0, 9, 7, 2, 3, 8, 1]=>same;[5]=>switch",true
4820ed9e-42d7-11ea-30a1-01219f02dd4e,img/regular/897259/colony4j-4820ed9e-42d7-11ea-30a1-01219f02dd4e.png,blank,[3 2 3; 0 2 0; 3 2 3],"[1]=>0;[0, 9, 4, 7, 2, 3, 5]=>1;[6]=>same;[8]=>switch",false
48375638-42d7-11ea-2af3-1b6bed86058c,img/regular/897259/colony4j-48375638-42d7-11ea-2af3-1b6bed86058c.png,random,[3 2 3; 0 2 0; 3 2 3],"[1]=>0;[0, 9, 4, 7, 2, 3, 5]=>1;[8]=>same;[6]=>switch",false
4850cf82-42d7-11ea-153e-1fac6a2179af,img/repeat/430318/colony4j-4850cf82-42d7-11ea-153e-1fac6a2179af.png,square,[3 2 3; 0 2 0; 3 2 3],"[6]=>0;[0, 9, 4, 7, 2, 3, 5]=>1;[1]=>same;[8]=>switch",true
48650dd2-42d7-11ea-1026-3d1040977030,img/regular/897259/colony4j-48650dd2-42d7-11ea-1026-3d1040977030.png,square,[3 2 3; 0 2 0; 3 2 3],"[6]=>0;[0, 9, 4, 7, 2, 3, 5]=>1;[8]=>same;[1]=>switch",false
487e3b46-42d7-11ea-3e82-2d78c13c1e1a,img/repeat/430318/colony4j-487e3b46-42d7-11ea-3e82-2d78c13c1e1a.png,square,[3 2 3; 0 2 0; 3 2 3],"[8]=>0;[0, 9, 4, 7, 2, 3, 5]=>1;[1]=>same;[6]=>switch",true
48a279fc-42d7-11ea-0e4f-f9920344dfa8,img/regular/897259/colony4j-48a279fc-42d7-11ea-0e4f-f9920344dfa8.png,random,[3 2 3; 0 2 0; 3 2 3],"[8]=>0;[0, 9, 4, 7, 2, 3, 5]=>1;[6]=>same;[1]=>switch",false
48b5a0d8-42d7-11ea-1660-cb0c993c2592,img/repeat/430318/colony4j-48b5a0d8-42d7-11ea-1660-cb0c993c2592.png,square,[3 2 3; 0 2 0; 3 2 3],"[0, 9, 4, 7, 2, 3, 5]=>0;[1]=>1;[6]=>same;[8]=>switch",true
48cb3a4c-42d7-11ea-3087-c15c80af07ae,img/regular/897259/colony4j-48cb3a4c-42d7-11ea-3087-c15c80af07ae.png,random,[3 2 3; 0 2 0; 3 2 3],"[0, 9, 4, 7, 2, 3, 5]=>0;[1]=>1;[8]=>same;[6]=>switch",false
48df368c-42d7-11ea-251b-f34f6af00990,img/repeat/430318/colony4j-48df368c-42d7-11ea-251b-f34f6af00990.png,square,[3 2 3; 0 2 0; 3 2 3],"[6]=>0;[1]=>1;[0, 9, 4, 7, 2, 3, 5]=>same;[8]=>switch",true
48f929fa-42d7-11ea-3d2d-d59ec4beecde,img/repeat/430318/colony4j-48f929fa-42d7-11ea-3d2d-d59ec4beecde.png,blank,[3 2 3; 0 2 0; 3 2 3],"[6]=>0;[1]=>1;[8]=>same;[0, 9, 4, 7, 2, 3, 5]=>switch",true
4908d870-42d7-11ea-2e01-ff82819d6527,img/repeat/430318/colony4j-4908d870-42d7-11ea-2e01-ff82819d6527.png,blank,[3 2 3; 0 2 0; 3 2 3],"[8]=>0;[1]=>1;[0, 9, 4, 7, 2, 3, 5]=>same;[6]=>switch",true
491fd28c-42d7-11ea-3d38-bdbb51a43657,img/repeat/430318/colony4j-491fd28c-42d7-11ea-3d38-bdbb51a43657.png,random,[3 2 3; 0 2 0; 3 2 3],"[8]=>0;[1]=>1;[6]=>same;[0, 9, 4, 7, 2, 3, 5]=>switch",true
49379bf6-42d7-11ea-307c-05563436d719,img/regular/897259/colony4j-49379bf6-42d7-11ea-307c-05563436d719.png,square,[3 2 3; 0 2 0; 3 2 3],"[0, 9, 4, 7, 2, 3, 5]=>0;[6]=>1;[1]=>same;[8]=>switch",false
494eaea6-42d7-11ea-24d3-0ddbc6a718ed,img/regular/897259/colony4j-494eaea6-42d7-11ea-24d3-0ddbc6a718ed.png,square,[3 2 3; 0 2 0; 3 2 3],"[0, 9, 4, 7, 2, 3, 5]=>0;[6]=>1;[8]=>same;[1]=>switch",false
49615bf0-42d7-11ea-36a9-cb844eee6cf9,img/regular/897259/colony4j-49615bf0-42d7-11ea-36a9-cb844eee6cf9.png,square,[3 2 3; 0 2 0; 3 2 3],"[1]=>0;[6]=>1;[0, 9, 4, 7, 2, 3, 5]=>same;[8]=>switch",false
49734d54-42d7-11ea-36b3-95643be6d20d,img/regular/897259/colony4j-49734d54-42d7-11ea-36b3-95643be6d20d.png,square,[3 2 3; 0 2 0; 3 2 3],"[1]=>0;[6]=>1;[8]=>same;[0, 9, 4, 7, 2, 3, 5]=>switch",false
4984add8-42d7-11ea-3e00-bd4889ace06f,img/regular/897259/colony4j-4984add8-42d7-11ea-3e00-bd4889ace06f.png,random,[3 2 3; 0 2 0; 3 2 3],"[8]=>0;[6]=>1;[0, 9, 4, 7, 2, 3, 5]=>same;[1]=>switch",false
4998d024-42d7-11ea-3458-0f3379f50e62,img/repeat/430318/colony4j-4998d024-42d7-11ea-3458-0f3379f50e62.png,blank,[3 2 3; 0 2 0; 3 2 3],"[8]=>0;[6]=>1;[1]=>same;[0, 9, 4, 7, 2, 3, 5]=>switch",true
49ab1ba0-42d7-11ea-1339-09cfd8b1e615,img/repeat/430318/colony4j-49ab1ba0-42d7-11ea-1339-09cfd8b1e615.png,blank,[3 2 3; 0 2 0; 3 2 3],"[0, 9, 4, 7, 2, 3, 5]=>0;[8]=>1;[1]=>same;[6]=>switch",true
49bd98d2-42d7-11ea-3230-8b1df1b4fb40,img/repeat/430318/colony4j-49bd98d2-42d7-11ea-3230-8b1df1b4fb40.png,square,[3 2 3; 0 2 0; 3 2 3],"[0, 9, 4, 7, 2, 3, 5]=>0;[8]=>1;[6]=>same;[1]=>switch",true
49d056ca-42d7-11ea-2fdc-9d558dfcc41d,img/regular/897259/colony4j-49d056ca-42d7-11ea-2fdc-9d558dfcc41d.png,square,[3 2 3; 0 2 0; 3 2 3],"[1]=>0;[8]=>1;[0, 9, 4, 7, 2, 3, 5]=>same;[6]=>switch",false
49eeec48-42d7-11ea-0681-952b4940019c,img/repeat/430318/colony4j-49eeec48-42d7-11ea-0681-952b4940019c.png,random,[4 3 4; 0 2 0; 4 3 4],"[0]=>0;[7, 4, 9, 3, 8, 5, 6]=>1;[1]=>same;[2]=>switch",true
4a0937d8-42d7-11ea-09a4-0d27fde05322,img/regular/897259/colony4j-4a0937d8-42d7-11ea-09a4-0d27fde05322.png,square,[4 3 4; 0 2 0; 4 3 4],"[0]=>0;[7, 4, 9, 3, 8, 5, 6]=>1;[2]=>same;[1]=>switch",false
4a297d22-42d7-11ea-1971-b9a822e12055,img/regular/897259/colony4j-4a297d22-42d7-11ea-1971-b9a822e12055.png,random,[4 3 4; 0 2 0; 4 3 4],"[1]=>0;[7, 4, 9, 3, 8, 5, 6]=>1;[0]=>same;[2]=>switch",false
4a3cf898-42d7-11ea-1e46-57ba18a095eb,img/regular/897259/colony4j-4a3cf898-42d7-11ea-1e46-57ba18a095eb.png,blank,[4 3 4; 0 2 0; 4 3 4],"[1]=>0;[7, 4, 9, 3, 8, 5, 6]=>1;[2]=>same;[0]=>switch",false
4a55b630-42d7-11ea-1c35-651a42d0249d,img/regular/897259/colony4j-4a55b630-42d7-11ea-1c35-651a42d0249d.png,blank,[4 3 4; 0 2 0; 4 3 4],"[2]=>0;[7, 4, 9, 3, 8, 5, 6]=>1;[0]=>same;[1]=>switch",false
4a69a142-42d7-11ea-2d6d-2364e08f2033,img/regular/897259/colony4j-4a69a142-42d7-11ea-2d6d-2364e08f2033.png,square,[4 3 4; 0 2 0; 4 3 4],"[2]=>0;[7, 4, 9, 3, 8, 5, 6]=>1;[1]=>same;[0]=>switch",false
4a80e972-42d7-11ea-0e0c-bd617cb48d8c,img/regular/897259/colony4j-4a80e972-42d7-11ea-0e0c-bd617cb48d8c.png,random,[4 3 4; 0 2 0; 4 3 4],"[7, 4, 9, 3, 8, 5, 6]=>0;[0]=>1;[1]=>same;[2]=>switch",false
4a9482a2-42d7-11ea-1242-c9f39fcba038,img/repeat/430318/colony4j-4a9482a2-42d7-11ea-1242-c9f39fcba038.png,random,[4 3 4; 0 2 0; 4 3 4],"[7, 4, 9, 3, 8, 5, 6]=>0;[0]=>1;[2]=>same;[1]=>switch",true
4aa5bcfc-42d7-11ea-32b1-4f4fff3b4f03,img/regular/897259/colony4j-4aa5bcfc-42d7-11ea-32b1-4f4fff3b4f03.png,random,[4 3 4; 0 2 0; 4 3 4],"[1]=>0;[0]=>1;[7, 4, 9, 3, 8, 5, 6]=>same;[2]=>switch",false
4abb9914-42d7-11ea-02b2-d594a951dd8c,img/regular/897259/colony4j-4abb9914-42d7-11ea-02b2-d594a951dd8c.png,random,[4 3 4; 0 2 0; 4 3 4],"[1]=>0;[0]=>1;[2]=>same;[7, 4, 9, 3, 8, 5, 6]=>switch",false
4ad1d230-42d7-11ea-2e74-41f9d57a725f,img/repeat/430318/colony4j-4ad1d230-42d7-11ea-2e74-41f9d57a725f.png,blank,[4 3 4; 0 2 0; 4 3 4],"[2]=>0;[0]=>1;[7, 4, 9, 3, 8, 5, 6]=>same;[1]=>switch",true
4afeddfa-42d7-11ea-094a-1fcd5fc76fe9,img/repeat/430318/colony4j-4afeddfa-42d7-11ea-094a-1fcd5fc76fe9.png,blank,[4 3 4; 0 2 0; 4 3 4],"[2]=>0;[0]=>1;[1]=>same;[7, 4, 9, 3, 8, 5, 6]=>switch",true
4b1e7e8c-42d7-11ea-0881-bbb0074312ff,img/repeat/430318/colony4j-4b1e7e8c-42d7-11ea-0881-bbb0074312ff.png,blank,[4 3 4; 0 2 0; 4 3 4],"[7, 4, 9, 3, 8, 5, 6]=>0;[1]=>1;[0]=>same;[2]=>switch",true
4b43db8a-42d7-11ea-03be-cb479616170f,img/repeat/430318/colony4j-4b43db8a-42d7-11ea-03be-cb479616170f.png,random,[4 3 4; 0 2 0; 4 3 4],"[7, 4, 9, 3, 8, 5, 6]=>0;[1]=>1;[2]=>same;[0]=>switch",true
4b599f42-42d7-11ea-30a6-13def1dd968b,img/repeat/430318/colony4j-4b599f42-42d7-11ea-30a6-13def1dd968b.png,random,[4 3 4; 0 2 0; 4 3 4],"[0]=>0;[1]=>1;[7, 4, 9, 3, 8, 5, 6]=>same;[2]=>switch",true
4b6b6c40-42d7-11ea-198c-533809773368,img/repeat/430318/colony4j-4b6b6c40-42d7-11ea-198c-533809773368.png,blank,[4 3 4; 0 2 0; 4 3 4],"[0]=>0;[1]=>1;[2]=>same;[7, 4, 9, 3, 8, 5, 6]=>switch",true
4b824f50-42d7-11ea-2b61-df1591a484e5,img/repeat/430318/colony4j-4b824f50-42d7-11ea-2b61-df1591a484e5.png,square,[4 3 4; 0 2 0; 4 3 4],"[2]=>0;[1]=>1;[7, 4, 9, 3, 8, 5, 6]=>same;[0]=>switch",true
4b9aed12-42d7-11ea-2841-cfc9e0064a72,img/repeat/430318/colony4j-4b9aed12-42d7-11ea-2841-cfc9e0064a72.png,blank,[4 3 4; 0 2 0; 4 3 4],"[2]=>0;[1]=>1;[0]=>same;[7, 4, 9, 3, 8, 5, 6]=>switch",true
4bb17136-42d7-11ea-3dd4-d9f1395c283e,img/regular/897259/colony4j-4bb17136-42d7-11ea-3dd4-d9f1395c283e.png,random,[4 3 4; 0 2 0; 4 3 4],"[7, 4, 9, 3, 8, 5, 6]=>0;[2]=>1;[0]=>same;[1]=>switch",false
4bccff34-42d7-11ea-32b7-61c2dbc663f8,img/repeat/430318/colony4j-4bccff34-42d7-11ea-32b7-61c2dbc663f8.png,random,[4 3 4; 0 2 0; 4 3 4],"[7, 4, 9, 3, 8, 5, 6]=>0;[2]=>1;[1]=>same;[0]=>switch",true
4be2cbfa-42d7-11ea-04b6-c1922063f57c,img/regular/897259/colony4j-4be2cbfa-42d7-11ea-04b6-c1922063f57c.png,square,[4 3 4; 0 2 0; 4 3 4],"[0]=>0;[2]=>1;[7, 4, 9, 3, 8, 5, 6]=>same;[1]=>switch",false
4bfbdfdc-42d7-11ea-34e5-5f7e9da97ce6,img/repeat/430318/colony4j-4bfbdfdc-42d7-11ea-34e5-5f7e9da97ce6.png,square,[1 4 1; 0 1 0; 1 4 1],"[0]=>0;[7, 2, 3, 8, 5, 6, 1]=>1;[4]=>same;[9]=>switch",true
4c0edc22-42d7-11ea-2f1a-794e6e38d920,img/repeat/430318/colony4j-4c0edc22-42d7-11ea-2f1a-794e6e38d920.png,random,[1 4 1; 0 1 0; 1 4 1],"[0]=>0;[7, 2, 3, 8, 5, 6, 1]=>1;[9]=>same;[4]=>switch",true
4c200362-42d7-11ea-3d28-7f96864f1e1f,img/repeat/430318/colony4j-4c200362-42d7-11ea-3d28-7f96864f1e1f.png,random,[1 4 1; 0 1 0; 1 4 1],"[4]=>0;[7, 2, 3, 8, 5, 6, 1]=>1;[0]=>same;[9]=>switch",true
4c354650-42d7-11ea-2a25-895ef805635b,img/repeat/430318/colony4j-4c354650-42d7-11ea-2a25-895ef805635b.png,blank,[1 4 1; 0 1 0; 1 4 1],"[4]=>0;[7, 2, 3, 8, 5, 6, 1]=>1;[9]=>same;[0]=>switch",true
4c481210-42d7-11ea-112f-d59f78e293b0,img/repeat/430318/colony4j-4c481210-42d7-11ea-112f-d59f78e293b0.png,square,[1 4 1; 0 1 0; 1 4 1],"[9]=>0;[7, 2, 3, 8, 5, 6, 1]=>1;[0]=>same;[4]=>switch",true
4c59ea28-42d7-11ea-0776-2f7cfa4506fc,img/repeat/430318/colony4j-4c59ea28-42d7-11ea-0776-2f7cfa4506fc.png,random,[1 4 1; 0 1 0; 1 4 1],"[9]=>0;[7, 2, 3, 8, 5, 6, 1]=>1;[4]=>same;[0]=>switch",true
4c6de096-42d7-11ea-397c-f1619133b4e7,img/repeat/430318/colony4j-4c6de096-42d7-11ea-397c-f1619133b4e7.png,random,[1 4 1; 0 1 0; 1 4 1],"[7, 2, 3, 8, 5, 6, 1]=>0;[0]=>1;[4]=>same;[9]=>switch",true
4c7ed880-42d7-11ea-3334-752c0c25d7f4,img/repeat/430318/colony4j-4c7ed880-42d7-11ea-3334-752c0c25d7f4.png,blank,[1 4 1; 0 1 0; 1 4 1],"[7, 2, 3, 8, 5, 6, 1]=>0;[0]=>1;[9]=>same;[4]=>switch",true
4c90fd72-42d7-11ea-2572-a37c09fadd59,img/repeat/430318/colony4j-4c90fd72-42d7-11ea-2572-a37c09fadd59.png,random,[1 4 1; 0 1 0; 1 4 1],"[4]=>0;[0]=>1;[7, 2, 3, 8, 5, 6, 1]=>same;[9]=>switch",true
4cadf078-42d7-11ea-10ab-d98fe8c657b3,img/regular/897259/colony4j-4cadf078-42d7-11ea-10ab-d98fe8c657b3.png,blank,[1 4 1; 0 1 0; 1 4 1],"[4]=>0;[0]=>1;[9]=>same;[7, 2, 3, 8, 5, 6, 1]=>switch",false
4cc60636-42d7-11ea-165a-67f04f47c610,img/repeat/430318/colony4j-4cc60636-42d7-11ea-165a-67f04f47c610.png,random,[1 4 1; 0 1 0; 1 4 1],"[9]=>0;[0]=>1;[7, 2, 3, 8, 5, 6, 1]=>same;[4]=>switch",true
4cdd9a62-42d7-11ea-2e42-1ba6a344a046,img/regular/897259/colony4j-4cdd9a62-42d7-11ea-2e42-1ba6a344a046.png,square,[1 4 1; 0 1 0; 1 4 1],"[9]=>0;[0]=>1;[4]=>same;[7, 2, 3, 8, 5, 6, 1]=>switch",false
4cf18642-42d7-11ea-3c24-15196db866db,img/repeat/430318/colony4j-4cf18642-42d7-11ea-3c24-15196db866db.png,random,[1 4 1; 0 1 0; 1 4 1],"[7, 2, 3, 8, 5, 6, 1]=>0;[4]=>1;[0]=>same;[9]=>switch",true
4d03587e-42d7-11ea-25be-0f1077f03e48,img/repeat/430318/colony4j-4d03587e-42d7-11ea-25be-0f1077f03e48.png,blank,[1 4 1; 0 1 0; 1 4 1],"[7, 2, 3, 8, 5, 6, 1]=>0;[4]=>1;[9]=>same;[0]=>switch",true
4d1df486-42d7-11ea-15af-b98b5e891998,img/repeat/430318/colony4j-4d1df486-42d7-11ea-15af-b98b5e891998.png,random,[1 4 1; 0 1 0; 1 4 1],"[0]=>0;[4]=>1;[7, 2, 3, 8, 5, 6, 1]=>same;[9]=>switch",true
4d343494-42d7-11ea-0f2e-7738c363006b,img/regular/897259/colony4j-4d343494-42d7-11ea-0f2e-7738c363006b.png,square,[1 4 1; 0 1 0; 1 4 1],"[0]=>0;[4]=>1;[9]=>same;[7, 2, 3, 8, 5, 6, 1]=>switch",false
4d440c66-42d7-11ea-23aa-5117577eae58,img/repeat/430318/colony4j-4d440c66-42d7-11ea-23aa-5117577eae58.png,square,[1 4 1; 0 1 0; 1 4 1],"[9]=>0;[4]=>1;[7, 2, 3, 8, 5, 6, 1]=>same;[0]=>switch",true
4d5c412a-42d7-11ea-291b-e13faf76854b,img/regular/897259/colony4j-4d5c412a-42d7-11ea-291b-e13faf76854b.png,blank,[1 4 1; 0 1 0; 1 4 1],"[9]=>0;[4]=>1;[0]=>same;[7, 2, 3, 8, 5, 6, 1]=>switch",false
4d716422-42d7-11ea-2bcb-059bb499e45e,img/repeat/430318/colony4j-4d716422-42d7-11ea-2bcb-059bb499e45e.png,random,[1 4 1; 0 1 0; 1 4 1],"[7, 2, 3, 8, 5, 6, 1]=>0;[9]=>1;[0]=>same;[4]=>switch",true
4d87508e-42d7-11ea-1730-c761c3944bc1,img/repeat/430318/colony4j-4d87508e-42d7-11ea-1730-c761c3944bc1.png,square,[1 4 1; 0 1 0; 1 4 1],"[7, 2, 3, 8, 5, 6, 1]=>0;[9]=>1;[4]=>same;[0]=>switch",true
4d9a3db6-42d7-11ea-2060-9f458405d2a9,img/repeat/430318/colony4j-4d9a3db6-42d7-11ea-2060-9f458405d2a9.png,square,[1 4 1; 0 1 0; 1 4 1],"[0]=>0;[9]=>1;[7, 2, 3, 8, 5, 6, 1]=>same;[4]=>switch",true
4dbbd84a-42d7-11ea-2af6-d566e248aaee,img/regular/897259/colony4j-4dbbd84a-42d7-11ea-2af6-d566e248aaee.png,square,[2 4 2; 1 1 1; 2 4 2],"[0]=>0;[7, 4, 3, 8, 5, 6, 1]=>1;[2]=>same;[9]=>switch",false
4dcfe178-42d7-11ea-0203-b7ed3b0b948f,img/repeat/430318/colony4j-4dcfe178-42d7-11ea-0203-b7ed3b0b948f.png,square,[2 4 2; 1 1 1; 2 4 2],"[0]=>0;[7, 4, 3, 8, 5, 6, 1]=>1;[9]=>same;[2]=>switch",true
4e92bce8-42d7-11ea-02c5-57bf46213e8f,img/repeat/430318/colony4j-4e92bce8-42d7-11ea-02c5-57bf46213e8f.png,blank,[2 4 2; 1 1 1; 2 4 2],"[2]=>0;[7, 4, 3, 8, 5, 6, 1]=>1;[0]=>same;[9]=>switch",true
4ea842ac-42d7-11ea-2cba-17c0b4fcbfdf,img/repeat/430318/colony4j-4ea842ac-42d7-11ea-2cba-17c0b4fcbfdf.png,random,[2 4 2; 1 1 1; 2 4 2],"[2]=>0;[7, 4, 3, 8, 5, 6, 1]=>1;[9]=>same;[0]=>switch",true
4ebfdeda-42d7-11ea-0fa6-c73250c1052f,img/repeat/430318/colony4j-4ebfdeda-42d7-11ea-0fa6-c73250c1052f.png,random,[2 4 2; 1 1 1; 2 4 2],"[9]=>0;[7, 4, 3, 8, 5, 6, 1]=>1;[0]=>same;[2]=>switch",true
4ecf0bb4-42d7-11ea-04e7-0538b7c3f610,img/regular/897259/colony4j-4ecf0bb4-42d7-11ea-04e7-0538b7c3f610.png,square,[2 4 2; 1 1 1; 2 4 2],"[9]=>0;[7, 4, 3, 8, 5, 6, 1]=>1;[2]=>same;[0]=>switch",false
4edd9d6c-42d7-11ea-1148-c5d18a92c171,img/regular/897259/colony4j-4edd9d6c-42d7-11ea-1148-c5d18a92c171.png,square,[2 4 2; 1 1 1; 2 4 2],"[7, 4, 3, 8, 5, 6, 1]=>0;[0]=>1;[2]=>same;[9]=>switch",false
4ef11ea0-42d7-11ea-2e74-65c717dd6532,img/regular/897259/colony4j-4ef11ea0-42d7-11ea-2e74-65c717dd6532.png,square,[2 4 2; 1 1 1; 2 4 2],"[7, 4, 3, 8, 5, 6, 1]=>0;[0]=>1;[9]=>same;[2]=>switch",false
4f05618a-42d7-11ea-0ff1-f14ef7728d57,img/repeat/430318/colony4j-4f05618a-42d7-11ea-0ff1-f14ef7728d57.png,blank,[2 4 2; 1 1 1; 2 4 2],"[2]=>0;[0]=>1;[7, 4, 3, 8, 5, 6, 1]=>same;[9]=>switch",true
4f19a8ac-42d7-11ea-08df-ddf4da8cc816,img/regular/897259/colony4j-4f19a8ac-42d7-11ea-08df-ddf4da8cc816.png,square,[2 4 2; 1 1 1; 2 4 2],"[2]=>0;[0]=>1;[9]=>same;[7, 4, 3, 8, 5, 6, 1]=>switch",false
4f329da8-42d7-11ea-185b-b9ba1994c0e6,img/repeat/430318/colony4j-4f329da8-42d7-11ea-185b-b9ba1994c0e6.png,blank,[2 4 2; 1 1 1; 2 4 2],"[9]=>0;[0]=>1;[7, 4, 3, 8, 5, 6, 1]=>same;[2]=>switch",true
4f470464-42d7-11ea-379c-df7d06b18d09,img/regular/897259/colony4j-4f470464-42d7-11ea-379c-df7d06b18d09.png,square,[2 4 2; 1 1 1; 2 4 2],"[9]=>0;[0]=>1;[2]=>same;[7, 4, 3, 8, 5, 6, 1]=>switch",false
4f5d5516-42d7-11ea-371f-2709d2293469,img/regular/897259/colony4j-4f5d5516-42d7-11ea-371f-2709d2293469.png,square,[2 4 2; 1 1 1; 2 4 2],"[7, 4, 3, 8, 5, 6, 1]=>0;[2]=>1;[0]=>same;[9]=>switch",false
4f70a22e-42d7-11ea-1163-cddacf3986d3,img/regular/897259/colony4j-4f70a22e-42d7-11ea-1163-cddacf3986d3.png,blank,[2 4 2; 1 1 1; 2 4 2],"[7, 4, 3, 8, 5, 6, 1]=>0;[2]=>1;[9]=>same;[0]=>switch",false
4f8887a4-42d7-11ea-3e93-15216b43512e,img/regular/897259/colony4j-4f8887a4-42d7-11ea-3e93-15216b43512e.png,square,[2 4 2; 1 1 1; 2 4 2],"[0]=>0;[2]=>1;[7, 4, 3, 8, 5, 6, 1]=>same;[9]=>switch",false
4f9e197a-42d7-11ea-02e2-611b841cad9f,img/regular/897259/colony4j-4f9e197a-42d7-11ea-02e2-611b841cad9f.png,square,[2 4 2; 1 1 1; 2 4 2],"[0]=>0;[2]=>1;[9]=>same;[7, 4, 3, 8, 5, 6, 1]=>switch",false
4fb01c60-42d7-11ea-0ba9-9fe745cb63c9,img/repeat/430318/colony4j-4fb01c60-42d7-11ea-0ba9-9fe745cb63c9.png,random,[2 4 2; 1 1 1; 2 4 2],"[9]=>0;[2]=>1;[7, 4, 3, 8, 5, 6, 1]=>same;[0]=>switch",true
4fc2df8a-42d7-11ea-3f4e-c11e1389ff33,img/regular/897259/colony4j-4fc2df8a-42d7-11ea-3f4e-c11e1389ff33.png,blank,[2 4 2; 1 1 1; 2 4 2],"[9]=>0;[2]=>1;[0]=>same;[7, 4, 3, 8, 5, 6, 1]=>switch",false
4fdb202c-42d7-11ea-101e-35096c6b8323,img/regular/897259/colony4j-4fdb202c-42d7-11ea-101e-35096c6b8323.png,square,[2 4 2; 1 1 1; 2 4 2],"[7, 4, 3, 8, 5, 6, 1]=>0;[9]=>1;[0]=>same;[2]=>switch",false
4fefee24-42d7-11ea-0419-397f0945f9eb,img/regular/897259/colony4j-4fefee24-42d7-11ea-0419-397f0945f9eb.png,random,[2 4 2; 1 1 1; 2 4 2],"[7, 4, 3, 8, 5, 6, 1]=>0;[9]=>1;[2]=>same;[0]=>switch",false
5007b0ba-42d7-11ea-14f3-bb98bf8f4144,img/repeat/430318/colony4j-5007b0ba-42d7-11ea-14f3-bb98bf8f4144.png,blank,[2 4 2; 1 1 1; 2 4 2],"[0]=>0;[9]=>1;[7, 4, 3, 8, 5, 6, 1]=>same;[2]=>switch",true
502c11ee-42d7-11ea-2ba0-5d60245df990,img/regular/897259/colony4j-502c11ee-42d7-11ea-2ba0-5d60245df990.png,square,[1 1 1; 3 3 3; 1 1 1],"[3]=>0;[0, 4, 2, 8, 5, 6, 1]=>1;[7]=>same;[9]=>switch",false
5041c57a-42d7-11ea-2dd2-734e57a11e68,img/repeat/430318/colony4j-5041c57a-42d7-11ea-2dd2-734e57a11e68.png,random,[1 1 1; 3 3 3; 1 1 1],"[3]=>0;[0, 4, 2, 8, 5, 6, 1]=>1;[9]=>same;[7]=>switch",true
50648c2c-42d7-11ea-04ce-ff3e64418a7f,img/repeat/430318/colony4j-50648c2c-42d7-11ea-04ce-ff3e64418a7f.png,blank,[1 1 1; 3 3 3; 1 1 1],"[7]=>0;[0, 4, 2, 8, 5, 6, 1]=>1;[3]=>same;[9]=>switch",true
5074c362-42d7-11ea-1887-c3d79e0bbe1d,img/repeat/430318/colony4j-5074c362-42d7-11ea-1887-c3d79e0bbe1d.png,blank,[1 1 1; 3 3 3; 1 1 1],"[7]=>0;[0, 4, 2, 8, 5, 6, 1]=>1;[9]=>same;[3]=>switch",true
50845b6a-42d7-11ea-1161-d7afa1118d53,img/regular/897259/colony4j-50845b6a-42d7-11ea-1161-d7afa1118d53.png,square,[1 1 1; 3 3 3; 1 1 1],"[9]=>0;[0, 4, 2, 8, 5, 6, 1]=>1;[3]=>same;[7]=>switch",false
509b1dbe-42d7-11ea-2e06-a780fb514592,img/repeat/430318/colony4j-509b1dbe-42d7-11ea-2e06-a780fb514592.png,random,[1 1 1; 3 3 3; 1 1 1],"[9]=>0;[0, 4, 2, 8, 5, 6, 1]=>1;[7]=>same;[3]=>switch",true
50acda22-42d7-11ea-0b7f-47862ec98598,img/regular/897259/colony4j-50acda22-42d7-11ea-0b7f-47862ec98598.png,random,[1 1 1; 3 3 3; 1 1 1],"[0, 4, 2, 8, 5, 6, 1]=>0;[3]=>1;[7]=>same;[9]=>switch",false
50bc047a-42d7-11ea-17ba-3f2afa4c8f60,img/regular/897259/colony4j-50bc047a-42d7-11ea-17ba-3f2afa4c8f60.png,blank,[1 1 1; 3 3 3; 1 1 1],"[0, 4, 2, 8, 5, 6, 1]=>0;[3]=>1;[9]=>same;[7]=>switch",false
50d4f822-42d7-11ea-32bc-99f90cfd5944,img/repeat/430318/colony4j-50d4f822-42d7-11ea-32bc-99f90cfd5944.png,random,[1 1 1; 3 3 3; 1 1 1],"[7]=>0;[3]=>1;[0, 4, 2, 8, 5, 6, 1]=>same;[9]=>switch",true
50f257c0-42d7-11ea-37f8-058d78a86412,img/regular/897259/colony4j-50f257c0-42d7-11ea-37f8-058d78a86412.png,blank,[1 1 1; 3 3 3; 1 1 1],"[7]=>0;[3]=>1;[9]=>same;[0, 4, 2, 8, 5, 6, 1]=>switch",false
510c60b4-42d7-11ea-34bf-050794ff8288,img/regular/897259/colony4j-510c60b4-42d7-11ea-34bf-050794ff8288.png,square,[1 1 1; 3 3 3; 1 1 1],"[9]=>0;[3]=>1;[0, 4, 2, 8, 5, 6, 1]=>same;[7]=>switch",false
511e0350-42d7-11ea-2813-c949dd22f37f,img/regular/897259/colony4j-511e0350-42d7-11ea-2813-c949dd22f37f.png,square,[1 1 1; 3 3 3; 1 1 1],"[9]=>0;[3]=>1;[7]=>same;[0, 4, 2, 8, 5, 6, 1]=>switch",false
512df544-42d7-11ea-1bb6-bfe494275a12,img/repeat/430318/colony4j-512df544-42d7-11ea-1bb6-bfe494275a12.png,blank,[1 1 1; 3 3 3; 1 1 1],"[0, 4, 2, 8, 5, 6, 1]=>0;[7]=>1;[3]=>same;[9]=>switch",true
51454f64-42d7-11ea-2c4c-2528abe29c8f,img/regular/897259/colony4j-51454f64-42d7-11ea-2c4c-2528abe29c8f.png,blank,[1 1 1; 3 3 3; 1 1 1],"[0, 4, 2, 8, 5, 6, 1]=>0;[7]=>1;[9]=>same;[3]=>switch",false
51626338-42d7-11ea-1206-5def8d4b7883,img/repeat/430318/colony4j-51626338-42d7-11ea-1206-5def8d4b7883.png,blank,[1 1 1; 3 3 3; 1 1 1],"[3]=>0;[7]=>1;[0, 4, 2, 8, 5, 6, 1]=>same;[9]=>switch",true
5173351e-42d7-11ea-036f-0935ff595c5d,img/regular/897259/colony4j-5173351e-42d7-11ea-036f-0935ff595c5d.png,square,[1 1 1; 3 3 3; 1 1 1],"[3]=>0;[7]=>1;[9]=>same;[0, 4, 2, 8, 5, 6, 1]=>switch",false
5183d408-42d7-11ea-1984-b95030fb9a49,img/regular/897259/colony4j-5183d408-42d7-11ea-1984-b95030fb9a49.png,square,[1 1 1; 3 3 3; 1 1 1],"[9]=>0;[7]=>1;[0, 4, 2, 8, 5, 6, 1]=>same;[3]=>switch",false
5199c68e-42d7-11ea-2745-8f1741aeb2fd,img/regular/897259/colony4j-5199c68e-42d7-11ea-2745-8f1741aeb2fd.png,random,[1 1 1; 3 3 3; 1 1 1],"[9]=>0;[7]=>1;[3]=>same;[0, 4, 2, 8, 5, 6, 1]=>switch",false
51a685ae-42d7-11ea-37c8-0125ce2957fc,img/repeat/430318/colony4j-51a685ae-42d7-11ea-37c8-0125ce2957fc.png,square,[1 1 1; 3 3 3; 1 1 1],"[0, 4, 2, 8, 5, 6, 1]=>0;[9]=>1;[3]=>same;[7]=>switch",true
51b630da-42d7-11ea-0cbf-9d0e4f37931d,img/regular/897259/colony4j-51b630da-42d7-11ea-0cbf-9d0e4f37931d.png,blank,[1 1 1; 3 3 3; 1 1 1],"[0, 4, 2, 8, 5, 6, 1]=>0;[9]=>1;[7]=>same;[3]=>switch",false
51c5cc02-42d7-11ea-2251-bd00f2394b0d,img/repeat/430318/colony4j-51c5cc02-42d7-11ea-2251-bd00f2394b0d.png,blank,[1 1 1; 3 3 3; 1 1 1],"[3]=>0;[9]=>1;[0, 4, 2, 8, 5, 6, 1]=>same;[7]=>switch",true
51e870c2-42d7-11ea-12c8-7d7ba36d5359,img/repeat/430318/colony4j-51e870c2-42d7-11ea-12c8-7d7ba36d5359.png,random,[2 1 2; 4 0 4; 2 1 2],"[4]=>0;[7, 0, 2, 3, 5, 6, 1]=>1;[8]=>same;[9]=>switch",true
51fc065c-42d7-11ea-3ebe-4b2f39a5c168,img/repeat/430318/colony4j-51fc065c-42d7-11ea-3ebe-4b2f39a5c168.png,random,[2 1 2; 4 0 4; 2 1 2],"[4]=>0;[7, 0, 2, 3, 5, 6, 1]=>1;[9]=>same;[8]=>switch",true
520da00e-42d7-11ea-19ae-1b079cc88f77,img/repeat/430318/colony4j-520da00e-42d7-11ea-19ae-1b079cc88f77.png,random,[2 1 2; 4 0 4; 2 1 2],"[8]=>0;[7, 0, 2, 3, 5, 6, 1]=>1;[4]=>same;[9]=>switch",true
521e8dce-42d7-11ea-339f-e19aa98563a8,img/repeat/430318/colony4j-521e8dce-42d7-11ea-339f-e19aa98563a8.png,blank,[2 1 2; 4 0 4; 2 1 2],"[8]=>0;[7, 0, 2, 3, 5, 6, 1]=>1;[9]=>same;[4]=>switch",true
522dd93c-42d7-11ea-07bf-f3ffeaada85f,img/repeat/430318/colony4j-522dd93c-42d7-11ea-07bf-f3ffeaada85f.png,square,[2 1 2; 4 0 4; 2 1 2],"[9]=>0;[7, 0, 2, 3, 5, 6, 1]=>1;[4]=>same;[8]=>switch",true
523fc304-42d7-11ea-261c-95c87b548d4d,img/repeat/430318/colony4j-523fc304-42d7-11ea-261c-95c87b548d4d.png,random,[2 1 2; 4 0 4; 2 1 2],"[9]=>0;[7, 0, 2, 3, 5, 6, 1]=>1;[8]=>same;[4]=>switch",true
524e39a2-42d7-11ea-352d-fdf77faa323d,img/regular/897259/colony4j-524e39a2-42d7-11ea-352d-fdf77faa323d.png,random,[2 1 2; 4 0 4; 2 1 2],"[7, 0, 2, 3, 5, 6, 1]=>0;[4]=>1;[8]=>same;[9]=>switch",false
525e0ca6-42d7-11ea-2dad-f958a2648195,img/regular/897259/colony4j-525e0ca6-42d7-11ea-2dad-f958a2648195.png,random,[2 1 2; 4 0 4; 2 1 2],"[7, 0, 2, 3, 5, 6, 1]=>0;[4]=>1;[9]=>same;[8]=>switch",false
527427e8-42d7-11ea-21b1-25edfea6f9bd,img/repeat/430318/colony4j-527427e8-42d7-11ea-21b1-25edfea6f9bd.png,random,[2 1 2; 4 0 4; 2 1 2],"[8]=>0;[4]=>1;[7, 0, 2, 3, 5, 6, 1]=>same;[9]=>switch",true
52817574-42d7-11ea-3ec4-41f7f1bb4ddf,img/regular/897259/colony4j-52817574-42d7-11ea-3ec4-41f7f1bb4ddf.png,blank,[2 1 2; 4 0 4; 2 1 2],"[8]=>0;[4]=>1;[9]=>same;[7, 0, 2, 3, 5, 6, 1]=>switch",false
5294f5a4-42d7-11ea-0830-9b06eeb657fa,img/repeat/430318/colony4j-5294f5a4-42d7-11ea-0830-9b06eeb657fa.png,square,[2 1 2; 4 0 4; 2 1 2],"[9]=>0;[4]=>1;[7, 0, 2, 3, 5, 6, 1]=>same;[8]=>switch",true
